{
    "num_humans": [
        0,
        5,
        10,
        15,
        20,
        25,
        30,
        35,
        40,
        45,
        50
    ],
    "A_star_avg": [
        11.448,
        10.803,
        10.309,
        9.763,
        9.28,
        8.852,
        8.405,
        7.975,
        7.652,
        7.307,
        6.929
    ],
    "RL_avg": [
        15.294,
        15.172,
        14.809,
        14.5,
        14.29,
        13.811,
        13.499,
        13.173,
        12.708,
        12.336,
        11.987
    ],
    "A_star_std": [
        0.44192307022829214,
        0.47946949850850784,
        0.4745724391491778,
        0.41824753436212864,
        0.4741307836451879,
        0.4334697221260096,
        0.38350358538089313,
        0.4250588194591426,
        0.39127483946709374,
        0.470160610855482,
        0.40331005442463247
    ],
    "RL_std": [
        0.6485090593044942,
        0.7393348361872312,
        0.6708345548643123,
        0.846758525200662,
        0.40607881008493907,
        0.4975731102059274,
        0.45661690726472226,
        0.47198622861265777,
        0.5556401713339307,
        0.47906575749055574,
        0.5322884556328458
    ]
}