{
    "num_agents": [
        1,
        6,
        11,
        16,
        21,
        26,
        31,
        36,
        41,
        46,
        51
    ],
    "A_star_avg": [
        9.39,
        10.595,
        10.151818181818182,
        9.715625,
        9.24904761904762,
        8.698846153846153,
        8.249354838709678,
        7.791388888888889,
        7.280731707317073,
        6.888913043478261,
        6.270588235294118
    ],
    "RL_avg": [
        15.76,
        15.218333333333334,
        14.587272727272728,
        14.36625,
        13.792857142857143,
        12.922307692307692,
        12.454193548387098,
        11.390833333333333,
        10.862682926829269,
        9.443913043478261,
        8.431372549019608
    ],
    "A_star_std": [
        2.1582168565739632,
        0.5648278990591342,
        0.4047353997387095,
        0.3714808835929515,
        0.33717883854269054,
        0.29797417583987984,
        0.2576955022973168,
        0.25970350497023936,
        0.30684235498866685,
        0.3093058115622184,
        0.4086436337166684
    ],
    "RL_std": [
        1.4705101155721438,
        0.5767220589966483,
        1.191874695283107,
        0.7223561708049568,
        1.344719664114677,
        1.9534522619314172,
        2.1353994720676908,
        2.3683133779491343,
        2.562607273476093,
        2.713129144411174,
        2.6838689672937575
    ]
}