{
    "num_shelves": [
        0,
        20,
        40,
        60,
        80,
        100,
        120,
        140,
        160,
        180,
        200,
        220,
        240,
        260,
        280,
        300,
        320
    ],
    "A_star_avg": [
        15.593,
        15.207,
        14.672,
        14.375,
        13.984,
        13.651,
        13.31,
        12.818,
        12.542,
        12.105,
        11.722,
        11.354,
        11.187,
        10.944,
        10.545,
        10.518,
        10.235
    ],
    "RL_avg": [
        1.79,
        2.276,
        2.34,
        2.819,
        2.732,
        3.284,
        3.349,
        3.799,
        4.322,
        5.623,
        6.186,
        8.312,
        9.402,
        12.26,
        13.854,
        14.628,
        14.909
    ],
    "A_star_std": [
        0.44704697739723065,
        0.37980389676779247,
        0.4388803937293166,
        0.49079017920084744,
        0.47343848597257077,
        0.48959064533546803,
        0.5032891812864648,
        0.46826915337228864,
        0.5584227789050157,
        0.5295989048327044,
        0.4840619795026252,
        0.5233392780978703,
        0.4916614688990789,
        0.42622060015911956,
        0.4572471979137761,
        0.4672001712328453,
        0.48132629265395427
    ],
    "RL_std": [
        0.4861069841094654,
        0.6196967000073503,
        0.665281895139196,
        0.7823931236916644,
        0.7449671133681004,
        0.7718445439335566,
        0.7849197411200715,
        0.9369626460003623,
        1.0414009794502788,
        1.11793157214563,
        1.3260482645816478,
        1.2006065133922939,
        1.3770969464783516,
        1.0735921013122254,
        0.7510552576209023,
        0.8248733236079344,
        0.5295460319934425
    ]
}