{
    "grid_sizes": [
        [
            10,
            10
        ],
        [
            15,
            15
        ],
        [
            20,
            20
        ],
        [
            25,
            25
        ],
        [
            30,
            30
        ],
        [
            34,
            32
        ],
        [
            40,
            40
        ],
        [
            50,
            50
        ]
    ],
    "A_star_avg": [
        9.761,
        12.957,
        12.822,
        13.604,
        11.43,
        10.288,
        10.189,
        9.249
    ],
    "RL_avg": [
        13.915,
        21.456,
        20.48,
        17.02,
        15.575,
        14.791,
        5.39,
        1.108
    ],
    "A_star_std": [
        0.8616141827987744,
        0.7446146654478409,
        0.6268301205270851,
        0.619664425314218,
        0.49406477308142505,
        0.37370576661325416,
        0.44763712982727427,
        0.32725983560467664
    ],
    "RL_std": [
        3.148567134427976,
        0.8702091702573582,
        0.9249864863877741,
        1.5424655587727072,
        0.6147153812944655,
        0.6642431783616599,
        1.0378342834961658,
        0.4203998097049998
    ]
}