Episode,Time,Epsilon,Avg_Loss,Total_Rewards,Total_Deliveries,Total_Collisions
1,1.9585542678833008,0.9965,10.550517470605913,-24681.8000000001,0,0
2,1.9862720966339111,0.9930122500000002,3.8668508393764496,-24612.400000000107,0,0
