{"avg_losses": [27465.668456616044, 1249.987927001953], "avg_score": [-1355980, -1370265]}